ImbalanceRatio,Accuracy,SelectiveAccuracy,CWSA,CWSA+,AURC,ECE
0.0,0.937,1.0,0.23439579743258906,0.5106662253433312,0.002027528198153235,0.13173442861684892
0.1,0.938,1.0,0.23413438247162113,0.4949986944431738,0.001962989807756387,0.13128953620911243
0.2,0.943,1.0,0.24333678899945385,0.49559427494797115,0.0016562666560816699,0.12636196559930676
0.3,0.943,1.0,0.22157903599664233,0.4796083030230351,0.0016562666560816699,0.1307789606346069
0.4,0.939,1.0,0.2434645946762437,0.5072179055755074,0.001899517515440562,0.12912189504602992
