NoiseRate,Accuracy,SelectiveAccuracy,CWSA,CWSA+,AURC,ECE
0.0,0.928,1.0,0.23559538154476617,0.5055694882934896,0.002656536664656403,0.13455821431257506
0.1,0.84,0.9120171673819742,0.19266344885677494,0.4595051828342716,0.09580968371899284,0.07647729062152828
0.2,0.755,0.7854077253218884,0.14045736339765283,0.4034900696807067,0.20050738727070672,0.1251896703781954
0.3,0.656,0.6974248927038627,0.09369026568056057,0.3533107802846853,0.30061550948706256,0.22418967037819537
0.4,0.572,0.6051502145922747,0.04692500961331148,0.30313346690780857,0.39206551816162066,0.3081896703781954
