Model,Accuracy,SelectiveAccuracy,CWSA,CWSA+,AURC,ECE
perfect,1.0,1.0,0.7536710490429036,0.7536710490429042,0.0,0.02463289509570965
calibrated,0.94,1.0,0.2319786041321981,0.49995388821594416,0.002678414936400993,0.115491541097005
overconfident,0.791,0.791,0.28883421622253186,0.39695972257909273,0.22204778958460875,0.15950852289356532
underconfident,0.927,,0.0,0.0,0.08465561533950965,0.42516164664209793
random,0.325,0.3484848484848485,-0.02042829468823966,0.1574789184894531,0.675838572723689,0.3278735120757344
